{"cameraMode":{"drawMode":0,"name":"Shaded","section":"Shading Mode"},"sceneLighting":true,"audioPlay":false,"sceneViewState":{"showFog":true,"showMaterialUpdate":false,"showSkybox":true,"showFlares":true,"showImageEffects":true,"showParticleSystems":true},"in2DMode":false,"pivot":{"x":42.16268539428711,"y":7.146177291870117,"z":2.8537580966949465},"rotation":{"x":0.15681537985801698,"y":0.6984577775001526,"z":-0.16118304431438447,"w":0.6794688105583191},"size":126.1796875,"orthographic":false}