{"cameraMode":{"drawMode":0,"name":"Shaded","section":"Shading Mode"},"sceneLighting":true,"audioPlay":false,"sceneViewState":{"showFog":true,"showMaterialUpdate":false,"showSkybox":true,"showFlares":true,"showImageEffects":true,"showParticleSystems":true},"in2DMode":false,"pivot":{"x":1.5278128385543824,"y":3.3083860874176027,"z":-23.344572067260743},"rotation":{"x":0.04964245483279228,"y":-0.07846721261739731,"z":0.0038541255053132774,"w":0.9957335591316223},"size":-0.2326679825782776,"orthographic":false}