{"cameraMode":{"drawMode":0,"name":"Shaded","section":"Shading Mode"},"sceneLighting":true,"audioPlay":false,"sceneViewState":{"showFog":true,"showMaterialUpdate":false,"showSkybox":true,"showFlares":true,"showImageEffects":true,"showParticleSystems":true},"in2DMode":false,"pivot":{"x":0.7072099447250366,"y":2.5215072631835939,"z":-4.354040145874023},"rotation":{"x":0.043793413788080218,"y":-0.015627717599272729,"z":0.0006464400794357061,"w":0.9989808797836304},"size":0.2326679825782776,"orthographic":false}