{"cameraMode":{"drawMode":0,"name":"Shaded","section":"Shading Mode"},"sceneLighting":false,"audioPlay":false,"sceneViewState":{"showFog":true,"showMaterialUpdate":false,"showSkybox":false,"showFlares":true,"showImageEffects":true,"showParticleSystems":true},"in2DMode":false,"pivot":{"x":-1.6028473377227784,"y":1.3449817895889283,"z":2.999650478363037},"rotation":{"x":-0.0608937032520771,"y":0.16779902577400208,"z":-0.010372191667556763,"w":-0.9839107394218445},"size":4.776995658874512,"orthographic":false}