{"cameraMode":{"drawMode":0,"name":"Shaded","section":"Shading Mode"},"sceneLighting":true,"audioPlay":false,"sceneViewState":{"showFog":true,"showMaterialUpdate":false,"showSkybox":true,"showFlares":true,"showImageEffects":true,"showParticleSystems":true},"in2DMode":false,"pivot":{"x":20.268457412719728,"y":-1.2602465152740479,"z":27.497753143310548},"rotation":{"x":-0.03091578744351864,"y":-0.23202507197856904,"z":0.007474347483366728,"w":-0.9722610712051392},"size":23.663101196289064,"orthographic":false}